date,platform,campaign_id,campaign_name,ad_group_id,ad_group_name,impressions,clicks,spend,conversions,video_views,ctr,cpa,cpm,engagement_rate,reach,frequency,conversion_value,avg_cpc,quality_score,search_impression_share,video_watch_25,video_watch_50,video_watch_75,video_watch_100,likes,shares,comments
2024-01-01,Facebook,fb_1001,Brand_Awareness_Q1,fbset_2001,Broad_Audience_18-35,45623,892,127.50,12,8234,0.019552,10.625,2.794643,0.0195,38234,1.19,,,,,,,,,,,
2024-01-01,Facebook,fb_1002,Conversions_Retargeting,fbset_2002,Cart_Abandoners,12456,567,215.80,34,1234,0.04552,6.347059,17.324984,0.0455,9876,1.26,,,,,,,,,,,
2024-01-01,Facebook,fb_1003,Traffic_Drive_Jan,fbset_2003,Lookalike_Purchasers,34567,1234,189.90,23,4567,0.035699,8.256522,5.493679,0.0357,28934,1.19,,,,,,,,,,,
2024-01-01,Google,g_5001,Search_Brand_Terms,gad_6001,Brand_Exact,23456,1234,234.50,45,,0.052609,5.211111,9.997442,,,,2250.00,0.19,9,0.92,,,,,,,
2024-01-01,Google,g_5002,Search_Generic_Terms,gad_6002,Product_Broad,45678,890,567.80,23,,0.019484,24.686957,12.430492,,,,1150.00,0.64,7,0.45,,,,,,,
2024-01-01,Google,g_5003,Shopping_All_Products,gad_6003,Best_Sellers,67890,2345,423.60,67,,0.034541,6.322388,6.239505,,,,3350.00,0.18,8,0.67,,,,,,,
2024-01-01,TikTok,tt_8001,Awareness_GenZ,ttad_9001,Dance_Challenge,234567,3456,456.70,34,198234,0.014734,13.432353,1.946992,,,,,,,,156234,98234,67234,45234,8923,2345,567
2024-01-01,TikTok,tt_8002,Conversion_Focus,ttad_9002,Product_Demo,123456,2345,678.90,67,89234,0.018995,10.132836,5.499125,,,,,,,,67234,45234,34234,23456,4567,1234,234
2024-01-01,TikTok,tt_8003,Traffic_Campaign,ttad_9003,Trending_Sounds,189234,2890,345.60,23,145678,0.015272,15.026087,1.82631,,,,,,,,112345,89234,56789,34567,6789,1890,456
2024-01-02,Facebook,fb_1001,Brand_Awareness_Q1,fbset_2001,Broad_Audience_18-35,42345,823,118.20,10,7890,0.019436,11.82,2.791357,0.0194,36789,1.15,,,,,,,,,,,
2024-01-02,Facebook,fb_1002,Conversions_Retargeting,fbset_2002,Cart_Abandoners,13678,623,234.50,38,1456,0.045548,6.171053,17.144319,0.0455,10234,1.34,,,,,,,,,,,
2024-01-02,Facebook,fb_1003,Traffic_Drive_Jan,fbset_2003,Lookalike_Purchasers,36789,1345,201.30,25,30123,0.03656,8.052,5.471744,1.22,,,,,,,,,,,,,
2024-01-02,Google,g_5001,Search_Brand_Terms,gad_6001,Brand_Exact,24567,1289,245.60,48,,0.052469,5.116667,9.997151,,,,2400.00,0.19,9,0.91,,,,,,,
2024-01-02,Google,g_5002,Search_Generic_Terms,gad_6002,Product_Broad,43234,823,534.20,21,,0.019036,25.438095,12.356016,,,,1050.00,0.65,7,0.44,,,,,,,
2024-01-02,Google,g_5003,Shopping_All_Products,gad_6003,Best_Sellers,71234,2456,445.80,71,,0.034478,6.278873,6.258247,,,,3550.00,0.18,8,0.68,,,,,,,
2024-01-02,TikTok,tt_8001,Awareness_GenZ,ttad_9001,Dance_Challenge,245678,3678,478.90,36,207345,0.014971,13.302778,1.949299,,,,,,,,163456,102345,70234,47234,9234,2456,589
2024-01-02,TikTok,tt_8002,Conversion_Focus,ttad_9002,Product_Demo,134567,2567,712.30,71,95678,0.019076,10.032394,5.293274,,,,,,,,71234,48234,36234,24567,4789,1345,245
2024-01-02,TikTok,tt_8003,Traffic_Campaign,ttad_9003,Trending_Sounds,198345,3012,361.20,25,152345,0.015186,14.448,1.821069,,,,,,,,117234,93234,59234,36234,7123,1967,478
2024-01-03,Facebook,fb_1001,Brand_Awareness_Q1,fbset_2001,Broad_Audience_18-35,48234,967,134.80,14,8901,0.020048,9.628571,2.794709,0.0201,40123,1.20,,,,,,,,,,,
2024-01-03,Facebook,fb_1002,Conversions_Retargeting,fbset_2002,Cart_Abandoners,11234,489,198.70,31,1123,0.043529,6.409677,17.687378,0.0435,8901,1.26,,,,,,,,,,,
2024-01-03,Facebook,fb_1003,Traffic_Drive_Jan,fbset_2003,Lookalike_Purchasers,38901,1456,213.40,28,5234,0.037428,7.621429,5.48572,0.0375,31456,1.24,,,,,,,,,,,
2024-01-03,Google,g_5001,Search_Brand_Terms,gad_6001,Brand_Exact,22345,1123,213.40,42,,0.050257,5.080952,9.550235,,,,2100.00,0.19,9,0.93,,,,,,,
2024-01-03,Google,g_5002,Search_Generic_Terms,gad_6002,Product_Broad,47890,967,623.50,25,,0.020192,24.94,13.01942,,,,1250.00,0.64,6,0.43,,,,,,,
2024-01-03,Google,g_5004,Display_Remarketing,gad_6004,Cart_Abandoners,123456,456,123.40,12,,0.003694,10.283333,0.999546,,,,600.00,0.27,7,0.35,,,,,,,
2024-01-03,TikTok,tt_8001,Awareness_GenZ,ttad_9001,Dance_Challenge,223456,3234,434.50,32,189234,0.014473,13.578125,1.944454,,,,,,,,148234,93234,63456,43234,8567,2234,534
2024-01-03,TikTok,tt_8002,Conversion_Focus,ttad_9002,Product_Demo,112345,2123,623.40,62,82345,0.018897,10.054839,5.548979,,,,,,,,61234,41234,31234,21234,4234,1123,212
2024-01-03,TikTok,tt_8004,Influencer_Collab,ttad_9004,Creator_Partnership,345678,5678,890.10,89,289234,0.016426,10.001124,2.57494,,,,,,,,234567,189234,134567,89234,15678,4567,1234
2024-01-04,Facebook,fb_1001,Brand_Awareness_Q1,fbset_2001,Broad_Audience_18-35,51234,1023,142.30,15,9234,0.019967,9.486667,2.777452,0.0200,42567,1.20,,,,,,,,,,,
2024-01-04,Facebook,fb_1002,Conversions_Retargeting,fbset_2002,Cart_Abandoners,14567,678,245.60,42,1567,0.046544,5.847619,16.860026,0.0465,11234,1.30,,,,,,,,,,,
2024-01-04,Facebook,fb_1004,Video_Views_Campaign,fbset_2004,Video_Enthusiasts,67890,234,89.50,5,45678,0.003447,17.9,1.318309,0.0034,56789,1.20,,,,,,,,,,,
2024-01-04,Google,g_5001,Search_Brand_Terms,gad_6001,Brand_Exact,25678,1345,256.70,50,,0.052379,5.134,9.996884,,,,2500.00,0.19,9,0.92,,,,,,,
2024-01-04,Google,g_5003,Shopping_All_Products,gad_6003,Best_Sellers,69456,2234,412.30,65,,0.032164,6.343077,5.936132,,,,3250.00,0.18,8,0.66,,,,,,,
2024-01-04,Google,g_5004,Display_Remarketing,gad_6004,Cart_Abandoners,134567,489,134.50,14,,0.003634,9.607143,0.999502,,,,700.00,0.28,7,0.36,,,,,,,
2024-01-04,TikTok,tt_8001,Awareness_GenZ,ttad_9001,Dance_Challenge,256789,3890,512.30,39,217456,0.015149,13.135897,1.995023,,,,,,,,170234,107234,72456,48456,9567,2567,612
2024-01-04,TikTok,tt_8003,Traffic_Campaign,ttad_9003,Trending_Sounds,201234,3123,374.50,26,157890,0.015519,14.403846,1.861018,,,,,,,,121234,96234,61234,37456,7345,2034,489
2024-01-04,TikTok,tt_8004,Influencer_Collab,ttad_9004,Creator_Partnership,367890,6012,923.40,94,301234,0.016342,9.823404,2.509989,,,,,,,,245678,196789,140234,93456,16234,4789,1289
2024-01-05,Facebook,fb_1001,Brand_Awareness_Q1,fbset_2001,Broad_Audience_18-35,46789,934,131.20,13,8567,0.019962,10.092308,2.804078,0.0200,39234,1.19,,,,,,,,,,,
2024-01-05,Facebook,fb_1002,Conversions_Retargeting,fbset_2002,Cart_Abandoners,12890,567,220.30,36,1345,0.043988,6.119444,17.090768,0.0440,10123,1.27,,,,,,,,,,,
2024-01-05,Facebook,fb_1004,Video_Views_Campaign,fbset_2004,Video_Enthusiasts,71234,256,94.80,6,48901,0.003594,15.8,1.330825,0.0036,59234,1.20,,,,,,,,,,,
2024-01-05,Google,g_5001,Search_Brand_Terms,gad_6001,Brand_Exact,23890,1234,234.90,46,,0.051653,5.106522,9.832566,,,,2300.00,0.19,9,0.91,,,,,,,
2024-01-05,Google,g_5002,Search_Generic_Terms,gad_6002,Product_Broad,46234,912,589.30,24,,0.019726,24.554167,12.746031,,,,1200.00,0.65,7,0.45,,,,,,,
2024-01-05,Google,g_5004,Display_Remarketing,gad_6004,Cart_Abandoners,128901,467,128.90,13,,0.003623,9.915385,0.999992,,,,650.00,0.28,7,0.34,,,,,,,
2024-01-05,TikTok,tt_8001,Awareness_GenZ,ttad_9001,Dance_Challenge,234234,3467,460.20,35,199234,0.014801,13.148571,1.964702,,,,,,,,156789,98789,67789,45456,8945,2367,578
2024-01-05,TikTok,tt_8002,Conversion_Focus,ttad_9002,Product_Demo,128901,2456,689.50,68,91234,0.019053,10.139706,5.349066,,,,,,,,68234,45789,34567,23678,4678,1267,237
2024-01-05,TikTok,tt_8004,Influencer_Collab,ttad_9004,Creator_Partnership,356789,5834,901.20,91,293456,0.016351,9.903297,2.525863,,,,,,,,239234,191234,136234,90234,15890,4634,1256
2024-01-06,Facebook,fb_1001,Brand_Awareness_Q1,fbset_2001,Broad_Audience_18-35,44567,878,125.60,11,8123,0.019701,11.418182,2.818229,0.0197,37456,1.19,,,,,,,,,,,
2024-01-06,Facebook,fb_1003,Traffic_Drive_Jan,fbset_2003,Lookalike_Purchasers,35678,1289,195.60,24,4678,0.036129,8.15,5.48237,0.0361,29345,1.22,,,,,,,,,,,
2024-01-06,Facebook,fb_1004,Video_Views_Campaign,fbset_2004,Video_Enthusiasts,69456,245,91.20,5,47234,0.003527,18.24,1.313062,0.0035,57890,1.20,,,,,,,,,,,
2024-01-06,Google,g_5001,Search_Brand_Terms,gad_6001,Brand_Exact,24234,1267,241.20,47,,0.052282,5.131915,9.952959,,,,2350.00,0.19,9,0.92,,,,,,,
2024-01-06,Google,g_5003,Shopping_All_Products,gad_6003,Best_Sellers,72345,2378,432.90,69,,0.03287,6.273913,5.983827,,,,3450.00,0.18,8,0.67,,,,,,,
2024-01-06,Google,g_5004,Display_Remarketing,gad_6004,Cart_Abandoners,131234,478,132.40,13,,0.003642,10.184615,1.008885,,,,650.00,0.28,7,0.35,,,,,,,
2024-01-06,TikTok,tt_8001,Awareness_GenZ,ttad_9001,Dance_Challenge,267890,3945,523.40,40,221234,0.014726,13.085,1.953787,,,,,,,,173456,109234,73567,49234,9789,2634,623
2024-01-06,TikTok,tt_8003,Traffic_Campaign,ttad_9003,Trending_Sounds,205678,3234,387.80,27,162345,0.015724,14.362963,1.885471,,,,,,,,124567,98901,63234,38234,7567,2089,501
2024-01-06,TikTok,tt_8004,Influencer_Collab,ttad_9004,Creator_Partnership,378901,6123,945.60,96,312345,0.01616,9.85,2.495639,,,,,,,,251234,201234,143456,95234,16567,4823,1312
2024-01-07,Facebook,fb_1001,Brand_Awareness_Q1,fbset_2001,Broad_Audience_18-35,49876,1067,145.90,16,9567,0.021393,9.11875,2.925255,0.0214,41234,1.21,,,,,,,,,,,
2024-01-07,Facebook,fb_1002,Conversions_Retargeting,fbset_2002,Cart_Abandoners,13456,623,237.80,40,1456,0.046299,5.945,17.672414,0.0463,10567,1.27,,,,,,,,,,,
2024-01-07,Facebook,fb_1003,Traffic_Drive_Jan,fbset_2003,Lookalike_Purchasers,37234,1367,207.90,27,5012,0.036714,7.7,5.583606,0.0367,30678,1.21,,,,,,,,,,,
2024-01-07,Google,g_5001,Search_Brand_Terms,gad_6001,Brand_Exact,26789,1456,278.90,54,,0.054351,5.164815,10.41099,,,,2700.00,0.19,9,0.93,,,,,,,
2024-01-07,Google,g_5002,Search_Generic_Terms,gad_6002,Product_Broad,44567,878,567.20,22,,0.019701,25.781818,12.726906,,,,1100.00,0.65,6,0.44,,,,,,,
2024-01-07,Google,g_5003,Shopping_All_Products,gad_6003,Best_Sellers,70234,2289,419.50,66,,0.032591,6.356061,5.972891,,,,3300.00,0.18,8,0.66,,,,,,,
2024-01-07,TikTok,tt_8001,Awareness_GenZ,ttad_9001,Dance_Challenge,278901,4123,545.60,42,229234,0.014783,12.990476,1.95625,,,,,,,,179234,112234,75678,50234,10123,2712,645
2024-01-07,TikTok,tt_8002,Conversion_Focus,ttad_9002,Product_Demo,138901,2678,734.50,73,97890,0.01928,10.061644,5.287939,,,,,,,,72345,48901,36789,24890,4901,1356,256
2024-01-07,TikTok,tt_8003,Traffic_Campaign,ttad_9003,Trending_Sounds,212345,3345,401.10,28,167890,0.015753,14.325,1.888907,,,,,,,,128234,101234,65234,39456,7789,2145,512
2024-01-08,Facebook,fb_1001,Brand_Awareness_Q1,fbset_2001,Broad_Audience_18-35,47234,945,135.40,14,8789,0.020007,9.671429,2.866579,0.0200,39567,1.19,,,,,,,,,,,
2024-01-08,Facebook,fb_1002,Conversions_Retargeting,fbset_2002,Cart_Abandoners,12123,534,212.40,35,1234,0.044049,6.068571,17.520416,0.0441,9567,1.27,,,,,,,,,,,
2024-01-08,Facebook,fb_1004,Video_Views_Campaign,fbset_2004,Video_Enthusiasts,73456,267,98.30,7,50123,0.003635,14.042857,1.338216,0.0036,60234,1.22,,,,,,,,,,,
2024-01-08,Google,g_5001,Search_Brand_Terms,gad_6001,Brand_Exact,22567,1134,216.80,43,,0.05025,5.04186,9.606948,,,,2150.00,0.19,9,0.91,,,,,,,
2024-01-08,Google,g_5002,Search_Generic_Terms,gad_6002,Product_Broad,48234,989,634.70,26,,0.020504,24.411538,13.158768,,,,1300.00,0.64,7,0.46,,,,,,,
2024-01-08,Google,g_5004,Display_Remarketing,gad_6004,Cart_Abandoners,125678,445,121.30,11,,0.003541,11.027273,0.965165,,,,550.00,0.27,7,0.34,,,,,,,
2024-01-08,TikTok,tt_8001,Awareness_GenZ,ttad_9001,Dance_Challenge,245234,3578,474.30,37,203456,0.01459,12.818919,1.934071,,,,,,,,158901,99567,68234,45789,8978,2389,590
2024-01-08,TikTok,tt_8002,Conversion_Focus,ttad_9002,Product_Demo,119234,2234,645.60,64,85678,0.018736,10.0875,5.414563,,,,,,,,63456,42345,32234,22234,4345,1189,223
2024-01-08,TikTok,tt_8004,Influencer_Collab,ttad_9004,Creator_Partnership,389012,6234,967.80,98,321234,0.016025,9.87551,2.487841,,,,,,,,258901,207890,147234,97456,16901,4912,1345
2024-01-09,Facebook,fb_1001,Brand_Awareness_Q1,fbset_2001,Broad_Audience_18-35,50123,1012,141.70,15,9345,0.02019,9.446667,2.827045,0.0202,41890,1.20,,,,,,,,,,,
2024-01-09,Facebook,fb_1003,Traffic_Drive_Jan,fbset_2003,Lookalike_Purchasers,36456,1312,199.80,26,4823,0.035989,7.684615,5.480579,0.0360,30234,1.21,,,,,,,,,,,
2024-01-09,Facebook,fb_1004,Video_Views_Campaign,fbset_2004,Video_Enthusiasts,70123,253,93.60,6,48234,0.003608,15.6,1.334797,0.0036,58456,1.20,,,,,,,,,,,
2024-01-09,Google,g_5001,Search_Brand_Terms,gad_6001,Brand_Exact,25234,1312,250.30,49,,0.051993,5.108163,9.919157,,,,2450.00,0.19,9,0.92,,,,,,,
2024-01-09,Google,g_5003,Shopping_All_Products,gad_6003,Best_Sellers,73456,2423,441.80,70,,0.032986,6.311429,6.014485,,,,3500.00,0.18,8,0.68,,,,,,,
2024-01-09,Google,g_5004,Display_Remarketing,gad_6004,Cart_Abandoners,129345,456,125.60,12,,0.003525,10.466667,0.971046,,,,600.00,0.28,7,0.35,,,,,,,
2024-01-09,TikTok,tt_8001,Awareness_GenZ,ttad_9001,Dance_Challenge,289012,4234,556.70,43,234567,0.01465,12.946512,1.926218,,,,,,,,182345,114567,77234,51234,10345,2789,656
2024-01-09,TikTok,tt_8003,Traffic_Campaign,ttad_9003,Trending_Sounds,218901,3456,414.40,29,173456,0.015788,14.289655,1.893093,,,,,,,,131567,103567,67234,40567,8012,2201,523
2024-01-09,TikTok,tt_8004,Influencer_Collab,ttad_9004,Creator_Partnership,401234,6456,989.90,101,332345,0.01609,9.80099,2.467139,,,,,,,,267890,214567,151234,99567,17234,5012,1378
2024-01-10,Facebook,fb_1001,Brand_Awareness_Q1,fbset_2001,Broad_Audience_18-35,48567,978,137.80,14,8945,0.020137,9.842857,2.837318,0.0201,40456,1.20,,,,,,,,,,,
2024-01-10,Facebook,fb_1002,Conversions_Retargeting,fbset_2002,Cart_Abandoners,13789,645,241.20,41,1489,0.046776,5.882927,17.492204,0.0468,10789,1.28,,,,,,,,,,,
2024-01-10,Facebook,fb_1003,Traffic_Drive_Jan,fbset_2003,Lookalike_Purchasers,38456,1423,217.50,29,5123,0.037003,7.5,5.655814,0.0370,31234,1.23,,,,,,,,,,,
2024-01-10,Google,g_5001,Search_Brand_Terms,gad_6001,Brand_Exact,24678,1289,245.90,48,,0.052233,5.122917,9.964341,,,,2400.00,0.19,9,0.91,,,,,,,
2024-01-10,Google,g_5002,Search_Generic_Terms,gad_6002,Product_Broad,45234,901,578.90,23,,0.019919,25.169565,12.797895,,,,1150.00,0.64,7,0.45,,,,,,,
2024-01-10,Google,g_5003,Shopping_All_Products,gad_6003,Best_Sellers,68901,2267,414.20,64,,0.032902,6.471875,6.011524,,,,3200.00,0.18,8,0.67,,,,,,,
2024-01-10,TikTok,tt_8001,Awareness_GenZ,ttad_9001,Dance_Challenge,256234,3701,490.50,38,209234,0.014444,12.907895,1.914266,,,,,,,,163567,102567,69567,46567,9123,2423,601
2024-01-10,TikTok,tt_8002,Conversion_Focus,ttad_9002,Product_Demo,145678,2789,756.70,76,101234,0.019145,9.956579,5.194333,,,,,,,,74567,50234,37890,25234,5012,1423,267
2024-01-10,TikTok,tt_8003,Traffic_Campaign,ttad_9003,Trending_Sounds,223456,3567,427.70,30,178901,0.015963,14.256667,1.914023,,,,,,,,135234,106789,69234,41789,8234,2267,534
2024-01-11,Facebook,fb_1001,Brand_Awareness_Q1,fbset_2001,Broad_Audience_18-35,52123,1089,148.60,17,9567,0.020893,8.741176,2.850949,0.0209,43234,1.21,,,,,,,,,,,
2024-01-11,Facebook,fb_1002,Conversions_Retargeting,fbset_2002,Cart_Abandoners,14567,723,256.40,44,1612,0.049633,5.827273,17.601428,0.0496,11456,1.27,,,,,,,,,,,
2024-01-11,Facebook,fb_1003,Traffic_Drive_Jan,fbset_2003,Lookalike_Purchasers,39789,1534,225.80,31,5456,0.038553,7.283871,5.674935,0.0386,32567,1.22,,,,,,,,,,,
2024-01-11,Facebook,fb_1004,Video_Views_Campaign,fbset_2004,Video_Enthusiasts,76234,278,101.50,8,52345,0.003647,12.6875,1.331427,0.0037,62456,1.22,,,,,,,,,,,
2024-01-11,Google,g_5001,Search_Brand_Terms,gad_6001,Brand_Exact,26234,1378,263.40,52,,0.052527,5.065385,10.040406,,,,2600.00,0.19,9,0.92,,,,,,,
2024-01-11,Google,g_5002,Search_Generic_Terms,gad_6002,Product_Broad,47890,934,612.50,26,,0.019503,23.557692,12.789726,,,,1300.00,0.66,7,0.46,,,,,,,
2024-01-11,Google,g_5003,Shopping_All_Products,gad_6003,Best_Sellers,71234,2456,445.80,71,,0.034478,6.278873,6.258247,,,,3550.00,0.18,8,0.68,,,,,,,
2024-01-11,Google,g_5004,Display_Remarketing,gad_6004,Cart_Abandoners,136789,512,142.30,15,,0.003743,9.486667,1.040288,,,,750.00,0.28,7,0.36,,,,,,,
2024-01-11,TikTok,tt_8001,Awareness_GenZ,ttad_9001,Dance_Challenge,278901,4123,523.60,42,234567,0.014783,12.466667,1.877369,,,,,,,,182345,114567,77234,51234,10345,2789,656
2024-01-11,TikTok,tt_8002,Conversion_Focus,ttad_9002,Product_Demo,156789,3012,812.30,82,109876,0.019211,9.906098,5.180848,,,,,,,,81234,54678,41234,27567,5456,1567,289
2024-01-11,TikTok,tt_8003,Traffic_Campaign,ttad_9003,Trending_Sounds,234567,3789,456.80,33,189234,0.016153,13.842424,1.947418,,,,,,,,143567,113456,73456,44567,8789,2434,567
2024-01-11,TikTok,tt_8004,Influencer_Collab,ttad_9004,Creator_Partnership,412345,6789,1023.40,103,345678,0.016464,9.935922,2.481902,,,,,,,,278901,223456,159234,105678,18234,5234,1456
2024-01-12,Facebook,fb_1001,Brand_Awareness_Q1,fbset_2001,Broad_Audience_18-35,49234,1012,140.30,15,9123,0.020555,9.353333,2.849657,0.0206,41567,1.18,,,,,,,,,,,
2024-01-12,Facebook,fb_1002,Conversions_Retargeting,fbset_2002,Cart_Abandoners,13456,634,239.70,39,1378,0.047117,6.146154,17.813615,0.0471,10567,1.27,,,,,,,,,,,
2024-01-12,Facebook,fb_1003,Traffic_Drive_Jan,fbset_2003,Lookalike_Purchasers,37890,1398,212.40,28,5012,0.036896,7.585714,5.605701,0.0369,30890,1.23,,,,,,,,,,,
2024-01-12,Facebook,fb_1004,Video_Views_Campaign,fbset_2004,Video_Enthusiasts,72890,261,96.80,7,49567,0.003581,13.828571,1.328029,0.0036,59123,1.23,,,,,,,,,,,
2024-01-12,Google,g_5001,Search_Brand_Terms,gad_6001,Brand_Exact,25123,1312,250.40,49,,0.052223,5.110204,9.966963,,,,2450.00,0.19,9,0.91,,,,,,,
2024-01-12,Google,g_5002,Search_Generic_Terms,gad_6002,Product_Broad,46567,912,596.70,24,,0.019585,24.8625,12.813795,,,,1200.00,0.65,7,0.45,,,,,,,
2024-01-12,Google,g_5003,Shopping_All_Products,gad_6003,Best_Sellers,69890,2334,428.90,66,,0.033395,6.498485,6.136786,,,,3300.00,0.18,8,0.67,,,,,,,
2024-01-12,Google,g_5004,Display_Remarketing,gad_6004,Cart_Abandoners,133456,489,131.20,14,,0.003664,9.371429,0.983096,,,,700.00,0.27,7,0.35,,,,,,,
2024-01-12,TikTok,tt_8001,Awareness_GenZ,ttad_9001,Dance_Challenge,267890,3945,501.20,40,221234,0.014726,12.53,1.870917,,,,,,,,173456,109234,73567,49234,9789,2634,623
2024-01-12,TikTok,tt_8002,Conversion_Focus,ttad_9002,Product_Demo,148901,2834,767.50,77,103456,0.019033,9.967532,5.154431,,,,,,,,76234,51234,38567,25789,5123,1456,278
2024-01-12,TikTok,tt_8003,Traffic_Campaign,ttad_9003,Trending_Sounds,228901,3634,441.90,31,182345,0.015876,14.254839,1.930529,,,,,,,,137890,108901,70567,42789,8456,2301,545
2024-01-12,TikTok,tt_8004,Influencer_Collab,ttad_9004,Creator_Partnership,398567,6534,998.70,98,332345,0.016394,10.190816,2.505727,,,,,,,,267890,214567,151234,99567,17756,5012,1389
2024-01-13,Facebook,fb_1001,Brand_Awareness_Q1,fbset_2001,Broad_Audience_18-35,42345,856,121.50,12,7890,0.020215,10.125,2.869288,0.0202,35678,1.19,,,,,,,,,,,
2024-01-13,Facebook,fb_1002,Conversions_Retargeting,fbset_2002,Cart_Abandoners,11234,523,198.60,32,1123,0.046555,6.20625,17.678476,0.0466,8901,1.27,,,,,,,,,,,
2024-01-13,Facebook,fb_1003,Traffic_Drive_Jan,fbset_2003,Lookalike_Purchasers,33456,1203,185.30,23,4234,0.035958,8.056522,5.538618,0.0360,27890,1.20,,,,,,,,,,,
2024-01-13,Facebook,fb_1004,Video_Views_Campaign,fbset_2004,Video_Enthusiasts,64567,238,83.40,5,43234,0.003686,16.68,1.291682,0.0037,52890,1.22,,,,,,,,,,,
2024-01-13,Google,g_5001,Search_Brand_Terms,gad_6001,Brand_Exact,22456,1156,220.40,43,,0.051478,5.125581,9.814749,,,,2150.00,0.19,9,0.90,,,,,,,
2024-01-13,Google,g_5002,Search_Generic_Terms,gad_6002,Product_Broad,41234,823,528.90,21,,0.019959,25.185714,12.826793,,,,1050.00,0.64,6,0.43,,,,,,,
2024-01-13,Google,g_5003,Shopping_All_Products,gad_6003,Best_Sellers,63456,2089,382.60,60,,0.03292,6.376667,6.029375,,,,3000.00,0.18,8,0.65,,,,,,,
2024-01-13,Google,g_5004,Display_Remarketing,gad_6004,Cart_Abandoners,119234,434,116.80,12,,0.00364,9.733333,0.979586,,,,600.00,0.27,7,0.33,,,,,,,
2024-01-13,TikTok,tt_8001,Awareness_GenZ,ttad_9001,Dance_Challenge,234567,3456,456.70,34,198234,0.014734,13.432353,1.946992,,,,,,,,156234,98234,67234,45234,8923,2345,567
2024-01-13,TikTok,tt_8002,Conversion_Focus,ttad_9002,Product_Demo,134567,2567,712.30,71,95678,0.019076,10.032394,5.293274,,,,,,,,71234,48234,36234,24567,4789,1345,245
2024-01-13,TikTok,tt_8003,Traffic_Campaign,ttad_9003,Trending_Sounds,201234,3123,374.50,26,157890,0.015519,14.403846,1.861018,,,,,,,,121234,96234,61234,37456,7345,2034,489
2024-01-13,TikTok,tt_8004,Influencer_Collab,ttad_9004,Creator_Partnership,367890,6012,923.40,94,301234,0.016342,9.823404,2.509989,,,,,,,,245678,196789,140234,93456,16234,4789,1289
2024-01-14,Facebook,fb_1001,Brand_Awareness_Q1,fbset_2001,Broad_Audience_18-35,40123,798,114.70,11,7345,0.019889,10.427273,2.858709,0.0199,33456,1.20,,,,,,,,,,,
2024-01-14,Facebook,fb_1002,Conversions_Retargeting,fbset_2002,Cart_Abandoners,10567,489,185.90,29,998,0.046276,6.410345,17.592505,0.0463,8234,1.28,,,,,,,,,,,
2024-01-14,Facebook,fb_1003,Traffic_Drive_Jan,fbset_2003,Lookalike_Purchasers,31234,1123,173.80,21,3890,0.035954,8.27619,5.564449,0.0360,26123,1.20,,,,,,,,,,,
2024-01-14,Facebook,fb_1004,Video_Views_Campaign,fbset_2004,Video_Enthusiasts,61234,223,78.90,4,40567,0.003642,19.725,1.2885,0.0036,50123,1.22,,,,,,,,,,,
2024-01-14,Google,g_5001,Search_Brand_Terms,gad_6001,Brand_Exact,21234,1089,207.80,41,,0.051286,5.068293,9.786192,,,,2050.00,0.19,9,0.89,,,,,,,
2024-01-14,Google,g_5002,Search_Generic_Terms,gad_6002,Product_Broad,39567,789,507.40,19,,0.019941,26.705263,12.823818,,,,950.00,0.64,6,0.42,,,,,,,
2024-01-14,Google,g_5003,Shopping_All_Products,gad_6003,Best_Sellers,61890,2012,369.30,58,,0.032509,6.367241,5.967038,,,,2900.00,0.18,8,0.64,,,,,,,
2024-01-14,Google,g_5004,Display_Remarketing,gad_6004,Cart_Abandoners,115678,412,113.40,11,,0.003562,10.309091,0.980307,,,,550.00,0.28,7,0.32,,,,,,,
2024-01-14,TikTok,tt_8001,Awareness_GenZ,ttad_9001,Dance_Challenge,223456,3234,434.50,32,189234,0.014473,13.578125,1.944454,,,,,,,,148234,93234,63456,43234,8567,2234,534
2024-01-14,TikTok,tt_8002,Conversion_Focus,ttad_9002,Product_Demo,128901,2456,689.50,68,91234,0.019053,10.139706,5.349066,,,,,,,,68234,45789,34567,23678,4678,1267,237
2024-01-14,TikTok,tt_8003,Traffic_Campaign,ttad_9003,Trending_Sounds,195678,2989,361.20,25,152345,0.015275,14.448,1.84589,,,,,,,,117234,93234,59234,36234,7123,1967,478
2024-01-14,TikTok,tt_8004,Influencer_Collab,ttad_9004,Creator_Partnership,356789,5834,901.20,91,293456,0.016351,9.903297,2.525863,,,,,,,,239234,191234,136234,90234,15890,4634,1256
2024-01-15,Facebook,fb_1001,Brand_Awareness_Q1,fbset_2001,Broad_Audience_18-35,46789,934,132.40,14,8567,0.019962,9.457143,2.829725,0.0200,39234,1.19,,,,,,,,,,,
2024-01-15,Facebook,fb_1002,Conversions_Retargeting,fbset_2002,Cart_Abandoners,12890,567,221.30,37,1345,0.043988,5.981081,17.168348,0.0440,10123,1.27,,,,,,,,,,,
2024-01-15,Facebook,fb_1003,Traffic_Drive_Jan,fbset_2003,Lookalike_Purchasers,35678,1289,196.60,25,4678,0.036129,7.864,5.510399,0.0361,29345,1.22,,,,,,,,,,,
2024-01-15,Facebook,fb_1004,Video_Views_Campaign,fbset_2004,Video_Enthusiasts,68456,248,87.60,6,46234,0.003623,14.6,1.279654,0.0036,56789,1.21,,,,,,,,,,,
2024-01-15,Google,g_5001,Search_Brand_Terms,gad_6001,Brand_Exact,23890,1234,235.60,46,,0.051653,5.121739,9.861867,,,,2300.00,0.19,9,0.91,,,,,,,
2024-01-15,Google,g_5002,Search_Generic_Terms,gad_6002,Product_Broad,43789,856,560.90,22,,0.019548,25.495455,12.809153,,,,1100.00,0.66,7,0.44,,,,,,,
2024-01-15,Google,g_5003,Shopping_All_Products,gad_6003,Best_Sellers,67234,2234,411.70,65,,0.033227,6.333846,6.12339,,,,3250.00,0.18,8,0.66,,,,,,,
2024-01-15,Google,g_5004,Display_Remarketing,gad_6004,Cart_Abandoners,128901,467,126.70,13,,0.003623,9.746154,0.982925,,,,650.00,0.27,7,0.34,,,,,,,
2024-01-15,TikTok,tt_8001,Awareness_GenZ,ttad_9001,Dance_Challenge,246789,3678,478.90,36,207345,0.014903,13.302778,1.940524,,,,,,,,163456,102345,70234,47234,9234,2456,589
2024-01-15,TikTok,tt_8002,Conversion_Focus,ttad_9002,Product_Demo,142345,2678,734.50,73,97890,0.018813,10.061644,5.159999,,,,,,,,72345,48901,36789,24890,4901,1356,256
2024-01-15,TikTok,tt_8003,Traffic_Campaign,ttad_9003,Trending_Sounds,212345,3345,401.10,28,167890,0.015753,14.325,1.888907,,,,,,,,128234,101234,65234,39456,7789,2145,512
2024-01-15,TikTok,tt_8004,Influencer_Collab,ttad_9004,Creator_Partnership,378901,6123,945.60,96,312345,0.01616,9.85,2.495639,,,,,,,,251234,201234,143456,95234,16567,4823,1312
2024-01-16,Facebook,fb_1001,Brand_Awareness_Q1,fbset_2001,Broad_Audience_18-35,50234,1023,143.80,16,9234,0.020365,8.9875,2.862603,0.0204,42345,1.19,,,,,,,,,,,
2024-01-16,Facebook,fb_1002,Conversions_Retargeting,fbset_2002,Cart_Abandoners,14234,678,248.50,42,1567,0.047632,5.916667,17.458199,0.0477,11234,1.27,,,,,,,,,,,
2024-01-16,Facebook,fb_1003,Traffic_Drive_Jan,fbset_2003,Lookalike_Purchasers,38456,1423,218.70,30,5123,0.037003,7.29,5.687019,0.0370,31234,1.23,,,,,,,,,,,
2024-01-16,Facebook,fb_1004,Video_Views_Campaign,fbset_2004,Video_Enthusiasts,73456,267,94.20,7,49890,0.003635,13.457143,1.2824,0.0036,59567,1.24,,,,,,,,,,,
2024-01-16,Google,g_5001,Search_Brand_Terms,gad_6001,Brand_Exact,25456,1345,257.30,51,,0.052836,5.045098,10.107637,,,,2550.00,0.19,9,0.92,,,,,,,
2024-01-16,Google,g_5002,Search_Generic_Terms,gad_6002,Product_Broad,45678,901,584.50,24,,0.019725,24.354167,12.796094,,,,1200.00,0.65,7,0.45,,,,,,,
2024-01-16,Google,g_5003,Shopping_All_Products,gad_6003,Best_Sellers,70123,2378,435.80,69,,0.033912,6.315942,6.214794,,,,3450.00,0.18,8,0.67,,,,,,,
2024-01-16,Google,g_5004,Display_Remarketing,gad_6004,Cart_Abandoners,132567,489,130.50,14,,0.003689,9.321429,0.984408,,,,700.00,0.27,7,0.35,,,,,,,
2024-01-16,TikTok,tt_8001,Awareness_GenZ,ttad_9001,Dance_Challenge,289012,4234,556.70,43,234567,0.01465,12.946512,1.926218,,,,,,,,182345,114567,77234,51234,10345,2789,656
2024-01-16,TikTok,tt_8002,Conversion_Focus,ttad_9002,Product_Demo,156789,3012,812.30,82,109876,0.019211,9.906098,5.180848,,,,,,,,81234,54678,41234,27567,5456,1567,289
2024-01-16,TikTok,tt_8003,Traffic_Campaign,ttad_9003,Trending_Sounds,245678,3890,467.80,34,195678,0.015834,13.758824,1.904118,,,,,,,,148234,117234,75234,45789,8567,2345,567
2024-01-16,TikTok,tt_8004,Influencer_Collab,ttad_9004,Creator_Partnership,423456,6890,1056.80,107,356789,0.016271,9.876636,2.495655,,,,,,,,289234,231456,164567,109234,18890,5456,1489
2024-01-17,Facebook,fb_1001,Brand_Awareness_Q1,fbset_2001,Broad_Audience_18-35,51789,1089,152.30,18,9567,0.021028,8.461111,2.940779,0.0210,43567,1.19,,,,,,,,,,,
2024-01-17,Facebook,fb_1002,Conversions_Retargeting,fbset_2002,Cart_Abandoners,15234,734,264.70,46,1678,0.048182,5.754348,17.375607,0.0482,12123,1.26,,,,,,,,,,,
2024-01-17,Facebook,fb_1003,Traffic_Drive_Jan,fbset_2003,Lookalike_Purchasers,40123,1534,232.80,33,5456,0.038232,7.054545,5.802158,0.0382,32890,1.22,,,,,,,,,,,
2024-01-17,Facebook,fb_1004,Video_Views_Campaign,fbset_2004,Video_Enthusiasts,75890,278,98.50,8,51234,0.003663,12.3125,1.297931,0.0037,61567,1.23,,,,,,,,,,,
2024-01-17,Google,g_5001,Search_Brand_Terms,gad_6001,Brand_Exact,26789,1456,278.90,54,,0.054351,5.164815,10.41099,,,,2700.00,0.19,9,0.93,,,,,,,
2024-01-17,Google,g_5002,Search_Generic_Terms,gad_6002,Product_Broad,47234,967,605.60,25,,0.020473,24.224,12.821273,,,,1250.00,0.63,7,0.46,,,,,,,
2024-01-17,Google,g_5003,Shopping_All_Products,gad_6003,Best_Sellers,72456,2489,450.70,72,,0.034352,6.259722,6.220327,,,,3600.00,0.18,8,0.68,,,,,,,
2024-01-17,Google,g_5004,Display_Remarketing,gad_6004,Cart_Abandoners,138901,534,136.40,15,,0.003844,9.093333,0.981994,,,,750.00,0.26,7,0.36,,,,,,,
2024-01-17,TikTok,tt_8001,Awareness_GenZ,ttad_9001,Dance_Challenge,301234,4456,589.90,46,245678,0.014792,12.823913,1.958278,,,,,,,,191234,119234,80234,53456,10789,2901,689
2024-01-17,TikTok,tt_8002,Conversion_Focus,ttad_9002,Product_Demo,167890,3234,845.60,85,117890,0.019263,9.948235,5.036631,,,,,,,,87234,58901,44234,29567,5678,1634,312
2024-01-17,TikTok,tt_8003,Traffic_Campaign,ttad_9003,Trending_Sounds,256789,4012,489.20,36,201234,0.015624,13.588889,1.905066,,,,,,,,152345,120456,77890,47234,8901,2456,589
2024-01-17,TikTok,tt_8004,Influencer_Collab,ttad_9004,Creator_Partnership,445678,7234,1123.50,113,378901,0.016231,9.942478,2.520878,,,,,,,,304567,243456,172345,114567,19567,5678,1567
2024-01-18,Facebook,fb_1001,Brand_Awareness_Q1,fbset_2001,Broad_Audience_18-35,49567,1012,144.60,16,9123,0.020417,9.0375,2.917264,0.0204,41890,1.18,,,,,,,,,,,
2024-01-18,Facebook,fb_1002,Conversions_Retargeting,fbset_2002,Cart_Abandoners,14567,689,253.40,43,1489,0.047299,5.893023,17.395483,0.0473,11567,1.26,,,,,,,,,,,
2024-01-18,Facebook,fb_1003,Traffic_Drive_Jan,fbset_2003,Lookalike_Purchasers,38901,1456,224.50,31,5234,0.037428,7.241935,5.77106,0.0374,31456,1.24,,,,,,,,,,,
2024-01-18,Facebook,fb_1004,Video_Views_Campaign,fbset_2004,Video_Enthusiasts,72345,261,92.70,7,48567,0.003608,13.242857,1.28136,0.0036,58234,1.24,,,,,,,,,,,
2024-01-18,Google,g_5001,Search_Brand_Terms,gad_6001,Brand_Exact,25789,1389,265.20,52,,0.05386,5.1,10.283454,,,,2600.00,0.19,9,0.92,,,,,,,
2024-01-18,Google,g_5002,Search_Generic_Terms,gad_6002,Product_Broad,46123,923,590.30,24,,0.020012,24.595833,12.798387,,,,1200.00,0.64,7,0.45,,,,,,,
2024-01-18,Google,g_5003,Shopping_All_Products,gad_6003,Best_Sellers,71567,2412,442.30,70,,0.033703,6.318571,6.180223,,,,3500.00,0.18,8,0.68,,,,,,,
2024-01-18,Google,g_5004,Display_Remarketing,gad_6004,Cart_Abandoners,135234,501,133.60,14,,0.003705,9.542857,0.987917,,,,700.00,0.27,7,0.35,,,,,,,
2024-01-18,TikTok,tt_8001,Awareness_GenZ,ttad_9001,Dance_Challenge,290123,4189,567.80,44,236789,0.014439,12.904545,1.957101,,,,,,,,184567,115678,78234,52345,10456,2812,678
2024-01-18,TikTok,tt_8002,Conversion_Focus,ttad_9002,Product_Demo,161234,3089,823.70,83,113456,0.019158,9.924096,5.108724,,,,,,,,83567,56234,42345,28234,5523,1589,301
2024-01-18,TikTok,tt_8003,Traffic_Campaign,ttad_9003,Trending_Sounds,248901,3934,478.50,35,195234,0.015805,13.671429,1.922451,,,,,,,,148901,117890,76234,46234,8734,2401,578
2024-01-18,TikTok,tt_8004,Influencer_Collab,ttad_9004,Creator_Partnership,434567,7012,1089.30,109,367890,0.016136,9.993578,2.506633,,,,,,,,296234,237890,168234,111234,19234,5534,1523
2024-01-19,Facebook,fb_1001,Brand_Awareness_Q1,fbset_2001,Broad_Audience_18-35,47890,967,138.40,15,8789,0.020192,9.226667,2.889956,0.0202,40234,1.19,,,,,,,,,,,
2024-01-19,Facebook,fb_1002,Conversions_Retargeting,fbset_2002,Cart_Abandoners,13890,634,235.80,40,1378,0.045644,5.895,16.976242,0.0457,10890,1.27,,,,,,,,,,,
2024-01-19,Facebook,fb_1003,Traffic_Drive_Jan,fbset_2003,Lookalike_Purchasers,37234,1367,209.90,28,5012,0.036714,7.496429,5.637321,0.0367,30678,1.21,,,,,,,,,,,
2024-01-19,Facebook,fb_1004,Video_Views_Campaign,fbset_2004,Video_Enthusiasts,70123,253,89.40,6,47234,0.003608,14.9,1.274903,0.0036,57890,1.21,,,,,,,,,,,
2024-01-19,Google,g_5001,Search_Brand_Terms,gad_6001,Brand_Exact,24567,1289,246.80,48,,0.052469,5.141667,10.045997,,,,2400.00,0.19,9,0.91,,,,,,,
2024-01-19,Google,g_5002,Search_Generic_Terms,gad_6002,Product_Broad,44890,890,574.70,23,,0.019826,24.986957,12.802406,,,,1150.00,0.65,7,0.44,,,,,,,
2024-01-19,Google,g_5003,Shopping_All_Products,gad_6003,Best_Sellers,69234,2301,423.50,67,,0.033235,6.320896,6.116937,,,,3350.00,0.18,8,0.67,,,,,,,
2024-01-19,Google,g_5004,Display_Remarketing,gad_6004,Cart_Abandoners,131567,478,129.40,13,,0.003633,9.953846,0.983529,,,,650.00,0.27,7,0.34,,,,,,,
2024-01-19,TikTok,tt_8001,Awareness_GenZ,ttad_9001,Dance_Challenge,278901,4123,545.60,42,229234,0.014783,12.990476,1.95625,,,,,,,,179234,112234,75678,50234,10123,2712,645
2024-01-19,TikTok,tt_8002,Conversion_Focus,ttad_9002,Product_Demo,153456,2945,789.20,79,107890,0.019191,9.989873,5.142842,,,,,,,,79567,53678,40234,26890,5234,1456,278
2024-01-19,TikTok,tt_8003,Traffic_Campaign,ttad_9003,Trending_Sounds,236789,3734,456.80,33,187890,0.015769,13.842424,1.929144,,,,,,,,142345,112345,72345,43789,8456,2267,545
2024-01-19,TikTok,tt_8004,Influencer_Collab,ttad_9004,Creator_Partnership,423456,6789,1034.50,104,356789,0.016032,9.947115,2.442993,,,,,,,,287234,229234,162345,107890,18756,5345,1456
2024-01-20,Facebook,fb_1001,Brand_Awareness_Q1,fbset_2001,Broad_Audience_18-35,43234,878,125.70,13,7890,0.020308,9.669231,2.907434,0.0203,36567,1.18,,,,,,,,,,,
2024-01-20,Facebook,fb_1002,Conversions_Retargeting,fbset_2002,Cart_Abandoners,11890,545,202.30,34,1156,0.045837,5.95,17.014298,0.0458,9567,1.28,,,,,,,,,,,
2024-01-20,Facebook,fb_1003,Traffic_Drive_Jan,fbset_2003,Lookalike_Purchasers,34567,1234,189.60,24,4567,0.035699,7.9,5.485,0.0357,28934,1.19,,,,,,,,,,,
2024-01-20,Facebook,fb_1004,Video_Views_Campaign,fbset_2004,Video_Enthusiasts,65234,234,81.20,5,43567,0.003587,16.24,1.24475,0.0036,53456,1.19,,,,,,,,,,,
2024-01-20,Google,g_5001,Search_Brand_Terms,gad_6001,Brand_Exact,22345,1123,214.50,42,,0.050257,5.107143,9.599463,,,,2100.00,0.19,9,0.89,,,,,,,
2024-01-20,Google,g_5002,Search_Generic_Terms,gad_6002,Product_Broad,40567,812,520.40,20,,0.020016,26.02,12.828161,,,,1000.00,0.64,6,0.42,,,,,,,
2024-01-20,Google,g_5003,Shopping_All_Products,gad_6003,Best_Sellers,64890,2067,376.80,59,,0.031854,6.386441,5.80675,,,,2950.00,0.18,8,0.65,,,,,,,
2024-01-20,Google,g_5004,Display_Remarketing,gad_6004,Cart_Abandoners,124567,445,122.30,12,,0.003572,10.191667,0.981801,,,,600.00,0.27,7,0.33,,,,,,,
2024-01-20,TikTok,tt_8001,Awareness_GenZ,ttad_9001,Dance_Challenge,256234,3701,490.50,38,209234,0.014444,12.907895,1.914266,,,,,,,,163567,102567,69567,46567,9123,2423,601
2024-01-20,TikTok,tt_8002,Conversion_Focus,ttad_9002,Product_Demo,142345,2678,734.50,73,97890,0.018813,10.061644,5.159999,,,,,,,,72345,48901,36789,24890,4901,1356,256
2024-01-20,TikTok,tt_8003,Traffic_Campaign,ttad_9003,Trending_Sounds,218901,3456,414.40,29,173456,0.015788,14.289655,1.893093,,,,,,,,131567,103567,67234,40567,8012,2201,523
2024-01-20,TikTok,tt_8004,Influencer_Collab,ttad_9004,Creator_Partnership,389012,6234,967.80,98,321234,0.016025,9.87551,2.487841,,,,,,,,258901,207890,147234,97456,16901,4912,1345
2024-01-21,Facebook,fb_1001,Brand_Awareness_Q1,fbset_2001,Broad_Audience_18-35,41567,823,118.90,12,7456,0.019799,9.908333,2.860442,0.0198,35123,1.18,,,,,,,,,,,
2024-01-21,Facebook,fb_1002,Conversions_Retargeting,fbset_2002,Cart_Abandoners,10234,467,178.40,30,945,0.045632,5.946667,17.432089,0.0456,8456,1.21,,,,,,,,,,,
2024-01-21,Facebook,fb_1003,Traffic_Drive_Jan,fbset_2003,Lookalike_Purchasers,32890,1178,171.20,22,3789,0.035816,7.781818,5.20523,0.0358,27234,1.21,,,,,,,,,,,
2024-01-21,Facebook,fb_1004,Video_Views_Campaign,fbset_2004,Video_Enthusiasts,62345,223,76.30,4,41234,0.003577,19.075,1.223835,0.0036,51567,1.20,,,,,,,,,,,
2024-01-21,Google,g_5001,Search_Brand_Terms,gad_6001,Brand_Exact,21567,1089,207.80,41,,0.050494,5.068293,9.635091,,,,2050.00,0.19,9,0.88,,,,,,,
2024-01-21,Google,g_5002,Search_Generic_Terms,gad_6002,Product_Broad,38901,778,498.70,19,,0.019999,26.247368,12.819722,,,,950.00,0.64,6,0.41,,,,,,,
2024-01-21,Google,g_5003,Shopping_All_Products,gad_6003,Best_Sellers,62345,1989,365.40,57,,0.031903,6.410526,5.860935,,,,2850.00,0.18,8,0.63,,,,,,,
2024-01-21,Google,g_5004,Display_Remarketing,gad_6004,Cart_Abandoners,118234,423,116.20,11,,0.003578,10.563636,0.982797,,,,550.00,0.27,7,0.32,,,,,,,
2024-01-21,TikTok,tt_8001,Awareness_GenZ,ttad_9001,Dance_Challenge,234567,3456,445.70,34,195234,0.014734,13.108824,1.900097,,,,,,,,153456,96234,65234,43567,8756,2234,534
2024-01-21,TikTok,tt_8002,Conversion_Focus,ttad_9002,Product_Demo,128901,2456,678.90,67,89234,0.019053,10.132836,5.266833,,,,,,,,67234,45234,34234,23456,4567,1234,234
2024-01-21,TikTok,tt_8003,Traffic_Campaign,ttad_9003,Trending_Sounds,201234,3123,374.50,26,157890,0.015519,14.403846,1.861018,,,,,,,,121234,96234,61234,37456,7345,2034,489
2024-01-21,TikTok,tt_8004,Influencer_Collab,ttad_9004,Creator_Partnership,367890,6012,923.40,94,301234,0.016342,9.823404,2.509989,,,,,,,,245678,196789,140234,93456,16234,4789,1289
2024-01-22,Facebook,fb_1001,Brand_Awareness_Q1,fbset_2001,Broad_Audience_18-35,45234,912,129.80,14,8234,0.020162,9.271429,2.869523,0.0202,38567,1.17,,,,,,,,,,,
2024-01-22,Facebook,fb_1002,Conversions_Retargeting,fbset_2002,Cart_Abandoners,12456,567,209.60,36,1234,0.04552,5.822222,16.827232,0.0455,9876,1.26,,,,,,,,,,,
2024-01-22,Facebook,fb_1003,Traffic_Drive_Jan,fbset_2003,Lookalike_Purchasers,35123,1267,194.50,26,4345,0.036073,7.480769,5.537682,0.0361,29123,1.21,,,,,,,,,,,
2024-01-22,Facebook,fb_1004,Video_Views_Campaign,fbset_2004,Video_Enthusiasts,66789,245,84.70,5,44567,0.003668,16.94,1.268173,0.0037,54890,1.22,,,,,,,,,,,
2024-01-22,Google,g_5001,Search_Brand_Terms,gad_6001,Brand_Exact,24234,1267,241.20,47,,0.052282,5.131915,9.952959,,,,2350.00,0.19,9,0.91,,,,,,,
2024-01-22,Google,g_5002,Search_Generic_Terms,gad_6002,Product_Broad,42890,845,549.30,22,,0.019702,24.968182,12.807181,,,,1100.00,0.65,7,0.44,,,,,,,
2024-01-22,Google,g_5003,Shopping_All_Products,gad_6003,Best_Sellers,66789,2223,407.90,64,,0.033284,6.373437,6.107293,,,,3200.00,0.18,8,0.66,,,,,,,
2024-01-22,Google,g_5004,Display_Remarketing,gad_6004,Cart_Abandoners,127890,456,125.60,13,,0.003566,9.661538,0.982094,,,,650.00,0.28,7,0.34,,,,,,,
2024-01-22,TikTok,tt_8001,Awareness_GenZ,ttad_9001,Dance_Challenge,267890,3945,523.40,40,221234,0.014726,13.085,1.953787,,,,,,,,173456,109234,73567,49234,9789,2634,623
2024-01-22,TikTok,tt_8002,Conversion_Focus,ttad_9002,Product_Demo,148901,2834,767.50,77,103456,0.019033,9.967532,5.154431,,,,,,,,76234,51234,38567,25789,5123,1456,278
2024-01-22,TikTok,tt_8003,Traffic_Campaign,ttad_9003,Trending_Sounds,228901,3634,441.90,31,182345,0.015876,14.254839,1.930529,,,,,,,,137890,108901,70567,42789,8456,2301,545
2024-01-22,TikTok,tt_8004,Influencer_Collab,ttad_9004,Creator_Partnership,398567,6534,998.70,98,332345,0.016394,10.190816,2.505727,,,,,,,,267890,214567,151234,99567,17756,5012,1389
2024-01-23,Facebook,fb_1001,Brand_Awareness_Q1,fbset_2001,Broad_Audience_18-35,48567,989,140.30,15,8945,0.020364,9.353333,2.888793,0.0204,40456,1.20,,,,,,,,,,,
2024-01-23,Facebook,fb_1002,Conversions_Retargeting,fbset_2002,Cart_Abandoners,13789,623,229.80,38,1489,0.045181,6.047368,16.665458,0.0452,10789,1.28,,,,,,,,,,,
2024-01-23,Facebook,fb_1003,Traffic_Drive_Jan,fbset_2003,Lookalike_Purchasers,37456,1389,213.40,29,4890,0.037084,7.358621,5.697352,0.0371,30567,1.22,,,,,,,,,,,
2024-01-23,Facebook,fb_1004,Video_Views_Campaign,fbset_2004,Video_Enthusiasts,71234,256,90.50,6,48123,0.003594,15.083333,1.270461,0.0036,58567,1.22,,,,,,,,,,,
2024-01-23,Google,g_5001,Search_Brand_Terms,gad_6001,Brand_Exact,25678,1356,259.40,51,,0.052808,5.086275,10.102033,,,,2550.00,0.19,9,0.92,,,,,,,
2024-01-23,Google,g_5002,Search_Generic_Terms,gad_6002,Product_Broad,45123,912,577.80,24,,0.020211,24.075,12.805,,,,1200.00,0.63,7,0.45,,,,,,,
2024-01-23,Google,g_5003,Shopping_All_Products,gad_6003,Best_Sellers,70234,2389,432.60,69,,0.034015,6.269565,6.15941,,,,3450.00,0.18,8,0.67,,,,,,,
2024-01-23,Google,g_5004,Display_Remarketing,gad_6004,Cart_Abandoners,133456,489,131.20,14,,0.003664,9.371429,0.983096,,,,700.00,0.27,7,0.35,,,,,,,
2024-01-23,TikTok,tt_8001,Awareness_GenZ,ttad_9001,Dance_Challenge,289012,4234,556.70,43,234567,0.01465,12.946512,1.926218,,,,,,,,182345,114567,77234,51234,10345,2789,656
2024-01-23,TikTok,tt_8002,Conversion_Focus,ttad_9002,Product_Demo,156789,3012,812.30,82,109876,0.019211,9.906098,5.180848,,,,,,,,81234,54678,41234,27567,5456,1567,289
2024-01-23,TikTok,tt_8003,Traffic_Campaign,ttad_9003,Trending_Sounds,245678,3890,467.80,34,195678,0.015834,13.758824,1.904118,,,,,,,,148234,117234,75234,45789,8567,2345,567
2024-01-23,TikTok,tt_8004,Influencer_Collab,ttad_9004,Creator_Partnership,423456,6890,1056.80,107,356789,0.016271,9.876636,2.495655,,,,,,,,289234,231456,164567,109234,18890,5456,1489
2024-01-24,Facebook,fb_1001,Brand_Awareness_Q1,fbset_2001,Broad_Audience_18-35,51234,1067,149.70,17,9234,0.020826,8.805882,2.921888,0.0208,42567,1.20,,,,,,,,,,,
2024-01-24,Facebook,fb_1002,Conversions_Retargeting,fbset_2002,Cart_Abandoners,14890,712,251.60,43,1578,0.047817,5.851163,16.897246,0.0478,11790,1.26,,,,,,,,,,,
2024-01-24,Facebook,fb_1003,Traffic_Drive_Jan,fbset_2003,Lookalike_Purchasers,39234,1489,227.90,32,5234,0.037952,7.121875,5.808737,0.0379,32123,1.22,,,,,,,,,,,
2024-01-24,Facebook,fb_1004,Video_Views_Campaign,fbset_2004,Video_Enthusiasts,74567,267,95.80,7,50234,0.003581,13.685714,1.284751,0.0036,60789,1.23,,,,,,,,,,,
2024-01-24,Google,g_5001,Search_Brand_Terms,gad_6001,Brand_Exact,27123,1434,274.30,55,,0.05287,4.987273,10.113188,,,,2750.00,0.19,9,0.93,,,,,,,
2024-01-24,Google,g_5002,Search_Generic_Terms,gad_6002,Product_Broad,47890,978,613.50,26,,0.020422,23.596154,12.810608,,,,1300.00,0.63,7,0.46,,,,,,,
2024-01-24,Google,g_5003,Shopping_All_Products,gad_6003,Best_Sellers,73456,2501,456.70,73,,0.034048,6.256164,6.217327,,,,3650.00,0.18,8,0.69,,,,,,,
2024-01-24,Google,g_5004,Display_Remarketing,gad_6004,Cart_Abandoners,139234,523,136.80,15,,0.003756,9.12,0.982519,,,,750.00,0.26,7,0.36,,,,,,,
2024-01-24,TikTok,tt_8001,Awareness_GenZ,ttad_9001,Dance_Challenge,312345,4567,623.40,48,256789,0.014622,12.9875,1.99587,,,,,,,,200234,125678,84567,56234,11234,3012,723
2024-01-24,TikTok,tt_8002,Conversion_Focus,ttad_9002,Product_Demo,172345,3345,867.90,87,123456,0.019409,9.975862,5.035829,,,,,,,,91234,61567,46234,30789,5890,1678,334
2024-01-24,TikTok,tt_8003,Traffic_Campaign,ttad_9003,Trending_Sounds,267890,4123,512.60,37,212345,0.015391,13.854054,1.913472,,,,,,,,160234,126789,81234,49234,9123,2567,612
2024-01-24,TikTok,tt_8004,Influencer_Collab,ttad_9004,Creator_Partnership,456789,7456,1167.80,118,389012,0.016323,9.89661,2.556541,,,,,,,,312345,249234,177890,118234,20234,5912,1623
2024-01-25,Facebook,fb_1001,Brand_Awareness_Q1,fbset_2001,Broad_Audience_18-35,52789,1123,156.40,18,9567,0.021273,8.688889,2.962738,0.0213,43890,1.20,,,,,,,,,,,
2024-01-25,Facebook,fb_1002,Conversions_Retargeting,fbset_2002,Cart_Abandoners,15678,756,268.90,47,1678,0.04822,5.721277,17.151422,0.0482,12345,1.27,,,,,,,,,,,
2024-01-25,Facebook,fb_1003,Traffic_Drive_Jan,fbset_2003,Lookalike_Purchasers,40567,1567,238.60,34,5456,0.038627,7.017647,5.881628,0.0386,33234,1.22,,,,,,,,,,,
2024-01-25,Facebook,fb_1004,Video_Views_Campaign,fbset_2004,Video_Enthusiasts,76890,278,99.20,8,51567,0.003616,12.4,1.290155,0.0036,62890,1.23,,,,,,,,,,,
2024-01-25,Google,g_5001,Search_Brand_Terms,gad_6001,Brand_Exact,28234,1512,287.60,58,,0.053552,4.958621,10.1863,,,,2900.00,0.19,9,0.94,,,,,,,
2024-01-25,Google,g_5002,Search_Generic_Terms,gad_6002,Product_Broad,49567,1012,634.20,27,,0.020417,23.488889,12.794803,,,,1350.00,0.63,7,0.47,,,,,,,
2024-01-25,Google,g_5003,Shopping_All_Products,gad_6003,Best_Sellers,75234,2567,467.80,75,,0.03412,6.237333,6.217933,,,,3750.00,0.18,8,0.70,,,,,,,
2024-01-25,Google,g_5004,Display_Remarketing,gad_6004,Cart_Abandoners,142345,545,139.90,16,,0.003829,8.74375,0.982823,,,,800.00,0.26,7,0.37,,,,,,,
2024-01-25,TikTok,tt_8001,Awareness_GenZ,ttad_9001,Dance_Challenge,323456,4789,645.70,50,267890,0.014806,12.914,1.996253,,,,,,,,208901,131234,88234,58901,11567,3134,734
2024-01-25,TikTok,tt_8002,Conversion_Focus,ttad_9002,Product_Demo,178901,3456,889.50,89,128901,0.019318,9.994382,4.972024,,,,,,,,95678,64567,48567,32345,6123,1734,345
2024-01-25,TikTok,tt_8003,Traffic_Campaign,ttad_9003,Trending_Sounds,278901,4234,534.20,39,223456,0.015181,13.697436,1.915375,,,,,,,,168901,133456,85678,51789,9456,2634,623
2024-01-25,TikTok,tt_8004,Influencer_Collab,ttad_9004,Creator_Partnership,467890,7623,1189.40,120,401234,0.016292,9.911667,2.54205,,,,,,,,323456,258901,184567,122345,20789,6034,1678
2024-01-26,Facebook,fb_1001,Brand_Awareness_Q1,fbset_2001,Broad_Audience_18-35,50123,1034,147.50,17,9123,0.020629,8.676471,2.942761,0.0206,41890,1.20,,,,,,,,,,,
2024-01-26,Facebook,fb_1002,Conversions_Retargeting,fbset_2002,Cart_Abandoners,14234,689,254.70,44,1456,0.048405,5.788636,17.893775,0.0484,11234,1.27,,,,,,,,,,,
2024-01-26,Facebook,fb_1003,Traffic_Drive_Jan,fbset_2003,Lookalike_Purchasers,38890,1445,231.20,32,5123,0.037156,7.225,5.944973,0.0372,31567,1.23,,,,,,,,,,,
2024-01-26,Facebook,fb_1004,Video_Views_Campaign,fbset_2004,Video_Enthusiasts,73456,261,94.60,7,49234,0.003553,13.514286,1.287846,0.0036,59567,1.23,,,,,,,,,,,
2024-01-26,Google,g_5001,Search_Brand_Terms,gad_6001,Brand_Exact,26789,1378,263.40,53,,0.051439,4.969811,9.832394,,,,2650.00,0.19,9,0.92,,,,,,,
2024-01-26,Google,g_5002,Search_Generic_Terms,gad_6002,Product_Broad,47234,945,605.60,25,,0.020007,24.224,12.821273,,,,1250.00,0.64,7,0.46,,,,,,,
2024-01-26,Google,g_5003,Shopping_All_Products,gad_6003,Best_Sellers,72890,2434,450.20,71,,0.033393,6.340845,6.17643,,,,3550.00,0.18,8,0.69,,,,,,,
2024-01-26,Google,g_5004,Display_Remarketing,gad_6004,Cart_Abandoners,138567,512,136.20,15,,0.003695,9.08,0.982918,,,,750.00,0.27,7,0.36,,,,,,,
2024-01-26,TikTok,tt_8001,Awareness_GenZ,ttad_9001,Dance_Challenge,301234,4456,589.90,46,245678,0.014792,12.823913,1.958278,,,,,,,,191234,119234,80234,53456,10789,2901,689
2024-01-26,TikTok,tt_8002,Conversion_Focus,ttad_9002,Product_Demo,167890,3234,845.60,85,117890,0.019263,9.948235,5.036631,,,,,,,,87234,58901,44234,29567,5678,1634,312
2024-01-26,TikTok,tt_8003,Traffic_Campaign,ttad_9003,Trending_Sounds,256789,4012,489.20,36,201234,0.015624,13.588889,1.905066,,,,,,,,152345,120456,77890,47234,8901,2456,589
2024-01-26,TikTok,tt_8004,Influencer_Collab,ttad_9004,Creator_Partnership,445678,7234,1123.50,113,378901,0.016231,9.942478,2.520878,,,,,,,,304567,243456,172345,114567,19567,5678,1567
2024-01-27,Facebook,fb_1001,Brand_Awareness_Q1,fbset_2001,Broad_Audience_18-35,46234,934,133.80,15,8456,0.020202,8.92,2.893974,0.0202,38890,1.19,,,,,,,,,,,
2024-01-27,Facebook,fb_1002,Conversions_Retargeting,fbset_2002,Cart_Abandoners,12567,567,209.40,36,1267,0.045118,5.816667,16.662688,0.0451,9890,1.27,,,,,,,,,,,
2024-01-27,Facebook,fb_1003,Traffic_Drive_Jan,fbset_2003,Lookalike_Purchasers,35890,1289,197.80,27,4567,0.035915,7.325926,5.511284,0.0359,29567,1.21,,,,,,,,,,,
2024-01-27,Facebook,fb_1004,Video_Views_Campaign,fbset_2004,Video_Enthusiasts,68234,245,85.90,5,45678,0.003591,17.18,1.258903,0.0036,55890,1.22,,,,,,,,,,,
2024-01-27,Google,g_5001,Search_Brand_Terms,gad_6001,Brand_Exact,25234,1312,250.30,49,,0.051993,5.108163,9.919157,,,,2450.00,0.19,9,0.91,,,,,,,
2024-01-27,Google,g_5002,Search_Generic_Terms,gad_6002,Product_Broad,45678,901,584.50,24,,0.019725,24.354167,12.796094,,,,1200.00,0.65,7,0.45,,,,,,,
2024-01-27,Google,g_5003,Shopping_All_Products,gad_6003,Best_Sellers,70123,2356,431.20,68,,0.033598,6.341176,6.149195,,,,3400.00,0.18,8,0.68,,,,,,,
2024-01-27,Google,g_5004,Display_Remarketing,gad_6004,Cart_Abandoners,134890,489,132.70,14,,0.003625,9.478571,0.983765,,,,700.00,0.27,7,0.35,,,,,,,
2024-01-27,TikTok,tt_8001,Awareness_GenZ,ttad_9001,Dance_Challenge,278901,4123,545.60,42,229234,0.014783,12.990476,1.95625,,,,,,,,179234,112234,75678,50234,10123,2712,645
2024-01-27,TikTok,tt_8002,Conversion_Focus,ttad_9002,Product_Demo,153456,2945,789.20,79,107890,0.019191,9.989873,5.142842,,,,,,,,79567,53678,40234,26890,5234,1456,278
2024-01-27,TikTok,tt_8003,Traffic_Campaign,ttad_9003,Trending_Sounds,236789,3734,456.80,33,187890,0.015769,13.842424,1.929144,,,,,,,,142345,112345,72345,43789,8456,2267,545
2024-01-27,TikTok,tt_8004,Influencer_Collab,ttad_9004,Creator_Partnership,423456,6789,1034.50,104,356789,0.016032,9.947115,2.442993,,,,,,,,287234,229234,162345,107890,18756,5345,1456
2024-01-28,Facebook,fb_1001,Brand_Awareness_Q1,fbset_2001,Broad_Audience_18-35,44567,890,127.60,13,8123,0.01997,9.815385,2.863105,0.0200,37456,1.19,,,,,,,,,,,
2024-01-28,Facebook,fb_1002,Conversions_Retargeting,fbset_2002,Cart_Abandoners,11456,523,192.30,33,1089,0.045653,5.827273,16.785964,0.0457,8967,1.28,,,,,,,,,,,
2024-01-28,Facebook,fb_1003,Traffic_Drive_Jan,fbset_2003,Lookalike_Purchasers,33567,1203,184.50,25,4123,0.035839,7.38,5.49647,0.0358,27890,1.20,,,,,,,,,,,
2024-01-28,Facebook,fb_1004,Video_Views_Campaign,fbset_2004,Video_Enthusiasts,65789,234,80.40,4,43890,0.003557,20.1,1.222089,0.0036,54123,1.21,,,,,,,,,,,
2024-01-28,Google,g_5001,Search_Brand_Terms,gad_6001,Brand_Exact,23567,1189,226.80,44,,0.050452,5.154545,9.623626,,,,2200.00,0.19,9,0.90,,,,,,,
2024-01-28,Google,g_5002,Search_Generic_Terms,gad_6002,Product_Broad,42890,834,549.30,21,,0.019445,26.157143,12.807181,,,,1050.00,0.66,7,0.43,,,,,,,
2024-01-28,Google,g_5003,Shopping_All_Products,gad_6003,Best_Sellers,66234,2167,395.80,61,,0.032717,6.488525,5.975783,,,,3050.00,0.18,8,0.66,,,,,,,
2024-01-28,Google,g_5004,Display_Remarketing,gad_6004,Cart_Abandoners,127345,445,125.10,12,,0.003494,10.425,0.982371,,,,600.00,0.28,7,0.33,,,,,,,
2024-01-28,TikTok,tt_8001,Awareness_GenZ,ttad_9001,Dance_Challenge,267890,3945,501.20,40,221234,0.014726,12.53,1.870917,,,,,,,,173456,109234,73567,49234,9789,2634,623
2024-01-28,TikTok,tt_8002,Conversion_Focus,ttad_9002,Product_Demo,148901,2834,756.70,76,101234,0.019033,9.956579,5.0819,,,,,,,,74567,50234,37890,25234,5012,1423,267
2024-01-28,TikTok,tt_8003,Traffic_Campaign,ttad_9003,Trending_Sounds,223456,3567,427.70,30,178901,0.015963,14.256667,1.914023,,,,,,,,135234,106789,69234,41789,8234,2267,534
2024-01-28,TikTok,tt_8004,Influencer_Collab,ttad_9004,Creator_Partnership,401234,6456,989.90,101,332345,0.01609,9.80099,2.467139,,,,,,,,267890,214567,151234,99567,17234,5012,1378
2024-01-29,Facebook,fb_1001,Brand_Awareness_Q1,fbset_2001,Broad_Audience_18-35,47890,967,138.40,15,8789,0.020192,9.226667,2.889956,0.0202,40234,1.19,,,,,,,,,,,
2024-01-29,Facebook,fb_1002,Conversions_Retargeting,fbset_2002,Cart_Abandoners,13234,612,226.50,39,1345,0.046245,5.807692,17.115007,0.0463,10456,1.27,,,,,,,,,,,
2024-01-29,Facebook,fb_1003,Traffic_Drive_Jan,fbset_2003,Lookalike_Purchasers,36234,1334,203.70,28,4678,0.036816,7.275,5.621792,0.0368,30123,1.20,,,,,,,,,,,
2024-01-29,Facebook,fb_1004,Video_Views_Campaign,fbset_2004,Video_Enthusiasts,69567,253,88.70,6,46890,0.003637,14.783333,1.27503,0.0036,57123,1.22,,,,,,,,,,,
2024-01-29,Google,g_5001,Search_Brand_Terms,gad_6001,Brand_Exact,24890,1278,244.20,47,,0.051346,5.195745,9.811169,,,,2350.00,0.19,9,0.91,,,,,,,
2024-01-29,Google,g_5002,Search_Generic_Terms,gad_6002,Product_Broad,44567,878,570.80,23,,0.019701,24.817391,12.807683,,,,1150.00,0.65,7,0.44,,,,,,,
2024-01-29,Google,g_5003,Shopping_All_Products,gad_6003,Best_Sellers,68456,2289,419.50,66,,0.033438,6.356061,6.128024,,,,3300.00,0.18,8,0.67,,,,,,,
2024-01-29,Google,g_5004,Display_Remarketing,gad_6004,Cart_Abandoners,131234,467,128.90,13,,0.003559,9.915385,0.982215,,,,650.00,0.28,7,0.34,,,,,,,
2024-01-29,TikTok,tt_8001,Awareness_GenZ,ttad_9001,Dance_Challenge,289012,4234,556.70,43,234567,0.01465,12.946512,1.926218,,,,,,,,182345,114567,77234,51234,10345,2789,656
2024-01-29,TikTok,tt_8002,Conversion_Focus,ttad_9002,Product_Demo,156789,3012,812.30,82,109876,0.019211,9.906098,5.180848,,,,,,,,81234,54678,41234,27567,5456,1567,289
2024-01-29,TikTok,tt_8003,Traffic_Campaign,ttad_9003,Trending_Sounds,245678,3890,467.80,34,195678,0.015834,13.758824,1.904118,,,,,,,,148234,117234,75234,45789,8567,2345,567
2024-01-29,TikTok,tt_8004,Influencer_Collab,ttad_9004,Creator_Partnership,423456,6890,1056.80,107,356789,0.016271,9.876636,2.495655,,,,,,,,289234,231456,164567,109234,18890,5456,1489
2024-01-30,Facebook,fb_1001,Brand_Awareness_Q1,fbset_2001,Broad_Audience_18-35,49234,1001,142.80,16,9012,0.020331,8.925,2.900435,0.0203,41567,1.18,,,,,,,,,,,
2024-01-30,Facebook,fb_1002,Conversions_Retargeting,fbset_2002,Cart_Abandoners,14123,645,236.90,41,1423,0.04567,5.778049,16.774057,0.0457,11123,1.27,,,,,,,,,,,
2024-01-30,Facebook,fb_1003,Traffic_Drive_Jan,fbset_2003,Lookalike_Purchasers,37890,1412,216.50,30,4956,0.037266,7.216667,5.713909,0.0373,30890,1.23,,,,,,,,,,,
2024-01-30,Facebook,fb_1004,Video_Views_Campaign,fbset_2004,Video_Enthusiasts,72123,261,91.30,7,48567,0.003619,13.042857,1.265893,0.0036,58890,1.22,,,,,,,,,,,
2024-01-30,Google,g_5001,Search_Brand_Terms,gad_6001,Brand_Exact,25456,1334,254.60,50,,0.052404,5.092,10.001571,,,,2500.00,0.19,9,0.92,,,,,,,
2024-01-30,Google,g_5002,Search_Generic_Terms,gad_6002,Product_Broad,45890,912,587.70,24,,0.019874,24.4875,12.806712,,,,1200.00,0.64,7,0.45,,,,,,,
2024-01-30,Google,g_5003,Shopping_All_Products,gad_6003,Best_Sellers,70234,2367,432.10,68,,0.033702,6.354412,6.152291,,,,3400.00,0.18,8,0.67,,,,,,,
2024-01-30,Google,g_5004,Display_Remarketing,gad_6004,Cart_Abandoners,133456,478,131.20,14,,0.003582,9.371429,0.983096,,,,700.00,0.27,7,0.35,,,,,,,
2024-01-30,TikTok,tt_8001,Awareness_GenZ,ttad_9001,Dance_Challenge,295678,4345,573.20,44,241234,0.014695,13.027273,1.938595,,,,,,,,188234,117890,79234,52789,10567,2856,667
2024-01-30,TikTok,tt_8002,Conversion_Focus,ttad_9002,Product_Demo,161234,3089,823.70,83,113456,0.019158,9.924096,5.108724,,,,,,,,83567,56234,42345,28234,5523,1589,301
2024-01-30,TikTok,tt_8003,Traffic_Campaign,ttad_9003,Trending_Sounds,251234,3967,481.50,35,198901,0.01579,13.757143,1.91654,,,,,,,,150567,119234,76890,46567,8678,2378,556
2024-01-30,TikTok,tt_8004,Influencer_Collab,ttad_9004,Creator_Partnership,434567,7012,1089.30,109,367890,0.016136,9.993578,2.506633,,,,,,,,296234,237890,168234,111234,19234,5534,1523
